# English is defined as the fallback language (see TemplateUtil.php)
# Anything not included in another language file will pull from here instead

# DO NOT TRANSLATE
# These are used in the language pickers and should not be localized
locale:
  en: English
  ja: 日本語
  de: Deutsch
  fr: Français
  es: Español
  it: Italiano
# End do not translate section

# Common/Global strings
male: Male
female: Female
name: Name
score: Score
home: Home
games: Games
mobile-home: Mobile Homepage
welcome-alpha: Welcome to the alpha test!

# Common form elements
send: Send
continue: Continue
reset: Reset
reveal: Reveal

# Navigation
login: Login
logout: Logout
signup: Sign-up
your-account: Your Account
forgot-password: Forgot password

# Common form fields
email-addr: Email address
password: Password
current-password: Current password
new-password: New password
confirm-password: Confirm password
confirm-new-password: Confirm new password
new-email: New email

# Common validation messages
invalid-email: Invalid email
password-invalid: Password invalid
passwords-dont-match: The passwords don't match
wrong-password: Wrong password
link-invalid-expired: This link is invalid or has expired.

# Auth pages
auth:
  login-to-reon: Login to your REON account
  invalid-email-pass: Incorrect email or password
  signup-to-reon: Sign-up to REON
  i-agree-terms: I agree to the terms of use and the privacy policy
  you-must-agree: You must agree
  registration-email-sent: If not yet registered, an email containing a link to continue your registration was sent to the specified email address.
  registration-complete: Your registration is complete.
  reon-email: REON email address
  reon-email-invalid: REON email invalid or taken

# Password reset pages
password-reset:
  title: Reset your password
  this-email-not-registered: This email isn't registered
  email-sent-recently: An email was sent less than 5 minutes ago
  email-sent: If registered, an email containing a link to reset your password was sent to the specified email address.
  success: Your password was reset successfully.

# User account pages
account:
  your-reon-account: Your REON account
  account-details: Account details
  change-email: Change email
  change-password: Change password
  stats: Stats
  emails-in-inbox: Emails in inbox
  money-spent: Money spent
  dion-account-details: DION account details
  dion-id: DION ID
  log-in-password: Log-In Password
  reroll-log-in-password: Reroll Log-In Password
  reroll-confirm-message: Are you sure you want to do this?
  reroll-warning: You will have to change your password in all games.
  change-email-address: Change your email address
  email-confirm-sent: If not yet registered, an email containing a link to confirm this change was sent to the specified email address.
  email-changed-success: Your email was changed successfully.
  change-your-password: Change your password
  password-changed-success: Your password was changed successfully.

# Index/Home page
index:
  what-is-reon: What is REON?
  reon-description: REON is something.
  reon-lorem: Lorem ipsum dolor sit amet, consectetur adipisici elit, sed eiusmod tempor incidunt ut labore et dolore magna aliqua. Ut enim ad minim veniam, quis nostrud exercitation ullamco laboris nisi ut aliquid ex ea commodi consequat. Quis aute iure reprehenderit in voluptate velit esse cillum dolore eu fugiat nulla pariatur. Excepteur sint obcaecat cupiditat non proident, sunt in culpa qui officia deserunt mollit anim id est laborum.
  what-is-mobile-adapter: What is the Mobile Adapter?
  mobile-adapter-description: The Mobile Adapter was a thing.

# Pokemon game section
pokemon-crystal: Pokémon Crystal
rankings: Rankings
trade-corner: Trade Corner

pokemon-pages:
  index-description: Cute little critters and stuff
  rankings-description: How big did you say that magikarp was?
  trade-corner-description: Look at all those caterpie and weedle!


region:
  text: Region
  global: Global
  international: International
  short: # Trade corner
    e: ENG
    p: ENG
    u: ENG
    j: JPN
    d: GER
    f: FRA
    i: ITA
    s: SPA
  country: # Rankings
    e: United States
    p: Europe
    u: Australia
    j: Japan
    d: Germany
    f: France
    i: Italy
    s: Spain
  language: # Trade corner (hover text)
    e: English (United States)
    p: English (Europe)
    u: English (Australia)
    j: Japanese
    d: German
    f: French
    i: Italian
    s: Spanish

pokemon:
  pokerus:
    cured: Pokérus (cured)
    infected: Pokérus (infected)
  shiny: Shiny
  level: Lv.
  name: Name
  offerer: Offerer
  item: Item
  trainer: OT
  wanted: Wanted

  # Given the large size of these lists, it is advised to add any new translation keys ABOVE this line
  species:
  - (None)
  - Bulbasaur
  - Ivysaur
  - Venusaur
  - Charmander
  - Charmeleon
  - Charizard
  - Squirtle
  - Wartortle
  - Blastoise
  - Caterpie
  - Metapod
  - Butterfree
  - Weedle
  - Kakuna
  - Beedrill
  - Pidgey
  - Pidgeotto
  - Pidgeot
  - Rattata
  - Raticate
  - Spearow
  - Fearow
  - Ekans
  - Arbok
  - Pikachu
  - Raichu
  - Sandshrew
  - Sandslash
  - Nidoran♀
  - Nidorina
  - Nidoqueen
  - Nidoran♂
  - Nidorino
  - Nidoking
  - Clefairy
  - Clefable
  - Vulpix
  - Ninetales
  - Jigglypuff
  - Wigglytuff
  - Zubat
  - Golbat
  - Oddish
  - Gloom
  - Vileplume
  - Paras
  - Parasect
  - Venonat
  - Venomoth
  - Diglett
  - Dugtrio
  - Meowth
  - Persian
  - Psyduck
  - Golduck
  - Mankey
  - Primeape
  - Growlithe
  - Arcanine
  - Poliwag
  - Poliwhirl
  - Poliwrath
  - Abra
  - Kadabra
  - Alakazam
  - Machop
  - Machoke
  - Machamp
  - Bellsprout
  - Weepinbell
  - Victreebel
  - Tentacool
  - Tentacruel
  - Geodude
  - Graveler
  - Golem
  - Ponyta
  - Rapidash
  - Slowpoke
  - Slowbro
  - Magnemite
  - Magneton
  - Farfetch’d
  - Doduo
  - Dodrio
  - Seel
  - Dewgong
  - Grimer
  - Muk
  - Shellder
  - Cloyster
  - Gastly
  - Haunter
  - Gengar
  - Onix
  - Drowzee
  - Hypno
  - Krabby
  - Kingler
  - Voltorb
  - Electrode
  - Exeggcute
  - Exeggutor
  - Cubone
  - Marowak
  - Hitmonlee
  - Hitmonchan
  - Lickitung
  - Koffing
  - Weezing
  - Rhyhorn
  - Rhydon
  - Chansey
  - Tangela
  - Kangaskhan
  - Horsea
  - Seadra
  - Goldeen
  - Seaking
  - Staryu
  - Starmie
  - Mr. Mime
  - Scyther
  - Jynx
  - Electabuzz
  - Magmar
  - Pinsir
  - Tauros
  - Magikarp
  - Gyarados
  - Lapras
  - Ditto
  - Eevee
  - Vaporeon
  - Jolteon
  - Flareon
  - Porygon
  - Omanyte
  - Omastar
  - Kabuto
  - Kabutops
  - Aerodactyl
  - Snorlax
  - Articuno
  - Zapdos
  - Moltres
  - Dratini
  - Dragonair
  - Dragonite
  - Mewtwo
  - Mew
  - Chikorita
  - Bayleef
  - Meganium
  - Cyndaquil
  - Quilava
  - Typhlosion
  - Totodile
  - Croconaw
  - Feraligatr
  - Sentret
  - Furret
  - Hoothoot
  - Noctowl
  - Ledyba
  - Ledian
  - Spinarak
  - Ariados
  - Crobat
  - Chinchou
  - Lanturn
  - Pichu
  - Cleffa
  - Igglybuff
  - Togepi
  - Togetic
  - Natu
  - Xatu
  - Mareep
  - Flaaffy
  - Ampharos
  - Bellossom
  - Marill
  - Azumarill
  - Sudowoodo
  - Politoed
  - Hoppip
  - Skiploom
  - Jumpluff
  - Aipom
  - Sunkern
  - Sunflora
  - Yanma
  - Wooper
  - Quagsire
  - Espeon
  - Umbreon
  - Murkrow
  - Slowking
  - Misdreavus
  - Unown
  - Wobbuffet
  - Girafarig
  - Pineco
  - Forretress
  - Dunsparce
  - Gligar
  - Steelix
  - Snubbull
  - Granbull
  - Qwilfish
  - Scizor
  - Shuckle
  - Heracross
  - Sneasel
  - Teddiursa
  - Ursaring
  - Slugma
  - Magcargo
  - Swinub
  - Piloswine
  - Corsola
  - Remoraid
  - Octillery
  - Delibird
  - Mantine
  - Skarmory
  - Houndour
  - Houndoom
  - Kingdra
  - Phanpy
  - Donphan
  - Porygon2
  - Stantler
  - Smeargle
  - Tyrogue
  - Hitmontop
  - Smoochum
  - Elekid
  - Magby
  - Miltank
  - Blissey
  - Raikou
  - Entei
  - Suicune
  - Larvitar
  - Pupitar
  - Tyranitar
  - Lugia
  - Ho-Oh
  - Celebi
  items:
  - (None)
  - Master Ball
  - Ultra Ball
  - BrightPowder
  - Great Ball
  - Poké Ball
  - Teru-sama (0)
  - Bicycle
  - Moon Stone
  - Antidote
  - Burn Heal
  - Ice Heal
  - Awakening
  - Parlyz Heal
  - Full Restore
  - Max Potion
  - Hyper Potion
  - Super Potion
  - Potion
  - Escape Rope
  - Repel
  - Max Elixer
  - Fire Stone
  - Thunder Stone
  - Water Stone
  - Teru-sama (1)
  - HP Up
  - Protein
  - Iron
  - Carbos
  - Lucky Punch
  - Calcium
  - Rare Candy
  - X Accuracy
  - Leaf Stone
  - Metal Powder
  - Nugget
  - Poké Doll
  - Full Heal
  - Revive
  - Max Revive
  - Guard Spec.
  - Super Repel
  - Max Repel
  - Dire Hit
  - Teru-sama (2)
  - Fresh Water
  - Soda Pop
  - Lemonade
  - X Attack
  - Teru-sama (3)
  - X Defend
  - X Speed
  - X Special
  - Coin Case
  - Itemfinder
  - Teru-sama (4)
  - Exp Share
  - Old Rod
  - Good Rod
  - Silver Leaf
  - Super Rod
  - PP Up
  - Ether
  - Max Ether
  - Elixer
  - Red Scale
  - SecretPotion
  - S.S. Ticket
  - Mystery Egg
  - Clear Bell
  - Silver Wing
  - Moomoo Milk
  - Quick Claw
  - PSNCureBerry
  - Gold Leaf
  - Soft Sand
  - Sharp Beak
  - PRZCureBerry
  - Burnt Berry
  - Ice Berry
  - Poison Barb
  - King's Rock
  - Bitter Berry
  - Mint Berry
  - Red Apricorn
  - TinyMushroom
  - Big Mushroom
  - SilverPowder
  - Blu Apricorn
  - Teru-sama (5)
  - Amulet Coin
  - Ylw Apricorn
  - Grn Apricorn
  - Cleanse Tag
  - Mystic Water
  - TwistedSpoon
  - Wht Apricorn
  - Black Belt
  - Blk Apricorn
  - Teru-sama (6)
  - Pnk Apricorn
  - BlackGlasses
  - SlowpokeTail
  - Pink Bow
  - Stick
  - Smoke Ball
  - NeverMeltIce
  - Magnet
  - MiracleBerry
  - Pearl
  - Big Pearl
  - Everstone
  - Spell Tag
  - RageCandyBar
  - GS Ball
  - Blue Card
  - Miracle Seed
  - Thick Club
  - Focus Band
  - Teru-sama (7)
  - EnergyPowder
  - Energy Root
  - Heal Powder
  - Revival Herb
  - Hard Stone
  - Lucky Egg
  - Card Key
  - Machine Part
  - Egg Ticket
  - Lost Item
  - Stardust
  - Star Piece
  - Basement Key
  - Pass
  - Teru-sama (8)
  - Teru-sama (9)
  - Teru-sama (10)
  - Charcoal
  - Berry Juice
  - Scope Lens
  - Teru-sama (11)
  - Teru-sama (12)
  - Metal Coat
  - Dragon Fang
  - Teru-sama (13)
  - Leftovers
  - Teru-sama (14)
  - Teru-sama (15)
  - Teru-sama (16)
  - MysteryBerry
  - Dragon Scale
  - Berserk Gene
  - Teru-sama (17)
  - Teru-sama (18)
  - Teru-sama (19)
  - Sacred Ash
  - Heavy Ball
  - Flower Mail
  - Level Ball
  - Lure Ball
  - Fast Ball
  - Teru-sama (20)
  - Light Ball
  - Friend Ball
  - Moon Ball
  - Love Ball
  - Normal Box
  - Gorgeous Box
  - Sun Stone
  - Polkadot Bow
  - Teru-sama (21)
  - Up-Grade
  - Berry
  - Gold Berry
  - SquirtBottle
  - Teru-sama (22)
  - Park Ball
  - Rainbow Wing
  - Teru-sama (23)
  - Brick Piece
  - Surf Mail
  - Litebluemail
  - Portraitmail
  - Lovely Mail
  - Eon Mail
  - Morph Mail
  - Bluesky Mail
  - Music Mail
  - Mirage Mail
  - Teru-sama (24)
  - TM01
  - TM02
  - TM03
  - TM04
  - TM04 (Unused)
  - TM05
  - TM06
  - TM07
  - TM08
  - TM09
  - TM10
  - TM11
  - TM12
  - TM13
  - TM14
  - TM15
  - TM16
  - TM17
  - TM18
  - TM19
  - TM20
  - TM21
  - TM22
  - TM23
  - TM24
  - TM25
  - TM26
  - TM27
  - TM28
  - TM28 (Unused)
  - TM29
  - TM30
  - TM31
  - TM32
  - TM33
  - TM34
  - TM35
  - TM36
  - TM37
  - TM38
  - TM39
  - TM40
  - TM41
  - TM42
  - TM43
  - TM44
  - TM45
  - TM46
  - TM47
  - TM48
  - TM49
  - TM50
  - HM01
  - HM02
  - HM03
  - HM04
  - HM05
  - HM06
  - HM07
  - HM08 (Unused)
  - HM09 (Unused)
  - HM10 (Unused)
  - HM11 (Unused)
  - HM12 (Unused)
  moves:
  - (None)
  - Pound
  - Karate Chop
  - Double Slap
  - Comet Punch
  - Mega Punch
  - Pay Day
  - Fire Punch
  - Ice Punch
  - Thunder Punch
  - Scratch
  - Vise Grip
  - Guillotine
  - Razor Wind
  - Swords Dance
  - Cut
  - Gust
  - Wing Attack
  - Whirlwind
  - Fly
  - Bind
  - Slam
  - Vine Whip
  - Stomp
  - Double Kick
  - Mega Kick
  - Jump Kick
  - Rolling Kick
  - Sand Attack
  - Headbutt
  - Horn Attack
  - Fury Attack
  - Horn Drill
  - Tackle
  - Body Slam
  - Wrap
  - Take Down
  - Thrash
  - Double-Edge
  - Tail Whip
  - Poison Sting
  - Twineedle
  - Pin Missile
  - Leer
  - Bite
  - Growl
  - Roar
  - Sing
  - Supersonic
  - Sonic Boom
  - Disable
  - Acid
  - Ember
  - Flamethrower
  - Mist
  - Water Gun
  - Hydro Pump
  - Surf
  - Ice Beam
  - Blizzard
  - Psybeam
  - Bubble Beam
  - Aurora Beam
  - Hyper Beam
  - Peck
  - Drill Peck
  - Submission
  - Low Kick
  - Counter
  - Seismic Toss
  - Strength
  - Absorb
  - Mega Drain
  - Leech Seed
  - Growth
  - Razor Leaf
  - Solar Beam
  - Poison Powder
  - Stun Spore
  - Sleep Powder
  - Petal Dance
  - String Shot
  - Dragon Rage
  - Fire Spin
  - Thunder Shock
  - Thunderbolt
  - Thunder Wave
  - Thunder
  - Rock Throw
  - Earthquake
  - Fissure
  - Dig
  - Toxic
  - Confusion
  - Psychic
  - Hypnosis
  - Meditate
  - Agility
  - Quick Attack
  - Rage
  - Teleport
  - Night Shade
  - Mimic
  - Screech
  - Double Team
  - Recover
  - Harden
  - Minimize
  - Smokescreen
  - Confuse Ray
  - Withdraw
  - Defense Curl
  - Barrier
  - Light Screen
  - Haze
  - Reflect
  - Focus Energy
  - Bide
  - Metronome
  - Mirror Move
  - Self-Destruct
  - Egg Bomb
  - Lick
  - Smog
  - Sludge
  - Bone Club
  - Fire Blast
  - Waterfall
  - Clamp
  - Swift
  - Skull Bash
  - Spike Cannon
  - Constrict
  - Amnesia
  - Kinesis
  - Soft-Boiled
  - High Jump Kick
  - Glare
  - Dream Eater
  - Poison Gas
  - Barrage
  - Leech Life
  - Lovely Kiss
  - Sky Attack
  - Transform
  - Bubble
  - Dizzy Punch
  - Spore
  - Flash
  - Psywave
  - Splash
  - Acid Armor
  - Crabhammer
  - Explosion
  - Fury Swipes
  - Bonemerang
  - Rest
  - Rock Slide
  - Hyper Fang
  - Sharpen
  - Conversion
  - Tri Attack
  - Super Fang
  - Slash
  - Substitute
  - Struggle
  - Sketch
  - Triple Kick
  - Thief
  - Spider Web
  - Mind Reader
  - Nightmare
  - Flame Wheel
  - Snore
  - Curse
  - Flail
  - Conversion 2
  - Aeroblast
  - Cotton Spore
  - Reversal
  - Spite
  - Powder Snow
  - Protect
  - Mach Punch
  - Scary Face
  - Feint Attack
  - Sweet Kiss
  - Belly Drum
  - Sludge Bomb
  - Mud-Slap
  - Octazooka
  - Spikes
  - Zap Cannon
  - Foresight
  - Destiny Bond
  - Perish Song
  - Icy Wind
  - Detect
  - Bone Rush
  - Lock-On
  - Outrage
  - Sandstorm
  - Giga Drain
  - Endure
  - Charm
  - Rollout
  - False Swipe
  - Swagger
  - Milk Drink
  - Spark
  - Fury Cutter
  - Steel Wing
  - Mean Look
  - Attract
  - Sleep Talk
  - Heal Bell
  - Return
  - Present
  - Frustration
  - Safeguard
  - Pain Split
  - Sacred Fire
  - Magnitude
  - Dynamic Punch
  - Megahorn
  - Dragon Breath
  - Baton Pass
  - Encore
  - Pursuit
  - Rapid Spin
  - Sweet Scent
  - Iron Tail
  - Metal Claw
  - Vital Throw
  - Morning Sun
  - Synthesis
  - Moonlight
  - Hidden Power
  - Cross Chop
  - Twister
  - Rain Dance
  - Sunny Day
  - Crunch
  - Mirror Coat
  - Psych Up
  - Extreme Speed
  - Ancient Power
  - Shadow Ball
  - Future Sight
  - Rock Smash
  - Whirlpool
  - Beat Up

  prefectures:
    AD-02: "Escut Encamp"
    AD-03: "Massana"
    AD-04: "Sant Julià de Lòria"
    AD-05: "Escut Andorra la Vella"
    AD-06: "Escut Escaldes-Engordany"
    AD-07: "Escut Canillo"
    AD-08: "Ordino"
    AT-1: "Burgenland"
    AT-2: "Kärnten"
    AT-3: "Niederösterreich"
    AT-4: "Oberösterreich"
    AT-5: "Salzburg"
    AT-6: "Steiermark"
    AT-7: "Tirol"
    AT-8: "Vorarlberg"
    AT-9: "Wien"
    AU-ACT: "Australian Capital Territory"
    AU-NSW: "New South Wales"
    AU-NT: "Northern Territory"
    AU-QLD: "Queensland"
    AU-SA: "South Australia"
    AU-TAS: "Tasmania"
    AU-VIC: "Victoria"
    AU-WA: "Western Australia"
    BE-VAN: "Antwerpen"
    BE-VBR: "Luxembourg"
    BE-VLI: "West-Vlaanderen"
    BE-VOV: "Liège"
    BE-VWV: "Namur"
    BE-WBR: "Vlaams-Brabant"
    BE-WHT: "Limburg"
    BE-WLG: "Oost-Vlaanderen"
    BE-WLX: "Brabant wallon"
    BE-WNA: "Hainaut"
    CA-AB: "Alberta"
    CA-BC: "British Columbia"
    CA-MB: "Manitoba"
    CA-NB: "New Brunswick"
    CA-NL: "Newfoundland and Labrador"
    CA-NS: "Nova Scotia"
    CA-NT: "Northwest Territories"
    CA-NU: "Nunavut"
    CA-ON: "Ontario"
    CA-PE: "Prince Edward Island"
    CA-QC: "Quebec"
    CA-SK: "Saskatchewan"
    CA-YT: "Yukon"
    CH-AG: "Aargau"
    CH-AI: "Appenzell Innerrhoden"
    CH-AR: "Appenzell Ausserrhoden"
    CH-BL: "Basel Land"
    CH-BS: "Basel Stadt"
    CH-GE: "Genève"
    CH-GL: "Glarus"
    CH-GR: "Graubünden"
    CH-JU: "Jura"
    CH-LU: "Luzern"
    CH-NE: "Neuchâtel"
    CH-NW: "Nidwalden"
    CH-OW: "Obwalden"
    CH-SG: "Sankt Gallen"
    CH-SH: "Schaffhausen"
    CH-SO: "Solothurn"
    CH-SZ: "Schwyz"
    CH-TG: "Thurgau"
    CH-TI: "Ticino"
    CH-UR: "Uri"
    CH-VD: "Vaud"
    CH-ZG: "Zug"
    CH-ZH: "Zürich"
    DE-BB: "Brandenburg"
    DE-BE: "Berlin"
    DE-BW: "Baden-Württemberg"
    DE-BY: "Bavaria"
    DE-HB: "Bremen"
    DE-HE: "Hesse"
    DE-HH: "Hamburg"
    DE-MV: "Lower Saxony"
    DE-NI: "Mecklenburg-Vorpommern"
    DE-NW: "North Rhine-Westphalia"
    DE-RP: "Rhineland-Palatinate"
    DE-SH: "Schleswig-Holstein"
    DE-SL: "Saarland"
    DE-SN: "Saxony"
    DE-ST: "Saxony-Anhalt"
    DE-TH: "Thuringia"
    ES-A: "Alicante"
    ES-AB: "Albacete"
    ES-AL: "Almería"
    ES-AV: "Ávila"
    ES-B: "Barcelona"
    ES-BA: "Badajoz"
    ES-BI: "Bizkaia"
    ES-BU: "Burgos"
    ES-C: "A Coruña"
    ES-CA: "Cádiz"
    ES-CC: "Cáceres"
    ES-CO: "Córdoba"
    ES-CR: "Ciudad Real"
    ES-CS: "Castellón"
    ES-CU: "Cuenca"
    ES-GC: "Las Palmas"
    ES-GI: "Girona"
    ES-GR: "Granada"
    ES-GU: "Guadalajara"
    ES-H: "Huelva"
    ES-HU: "Huesca"
    ES-J: "Jaén"
    ES-L: "Lleida"
    ES-LE: "León"
    ES-LO: "La Rioja"
    ES-LU: "Lugo"
    ES-M: "Madrid"
    ES-MA: "Málaga"
    ES-MU: "Murcia"
    ES-NA: "Nafarroa"
    ES-O: "Asturias"
    ES-OR: "Ourense"
    ES-P: "Palencia"
    ES-PM: "Illes Balears"
    ES-PO: "Pontevedra"
    ES-S: "Cantabria"
    ES-SA: "Salamanca"
    ES-SE: "Sevilla"
    ES-SG: "Segovia"
    ES-SO: "Soria"
    ES-SS: "Gipuzkoa"
    ES-T: "Tarragona"
    ES-TE: "Teruel"
    ES-TF: "Santa Cruz de Tenerife"
    ES-TO: "Toledo"
    ES-V: "Valencia"
    ES-VA: "Valladolid"
    ES-VI: "Araba"
    ES-Z: "Zaragoza"
    ES-ZA: "Zamora"
    EU-AD: "Andorra"
    EU-AL: "Albania"
    EU-AT: "Austria"
    EU-BA: "Bosnia and Herzegovina"
    EU-BE: "Belgium"
    EU-BG: "Bulgaria"
    EU-BY: "Belarus"
    EU-CH: "Switzerland"
    EU-CZ: "Czech Republic"
    EU-DE: "Germany"
    EU-DK: "Denmark"
    EU-EE: "Estonia"
    EU-ES: "Spain"
    EU-FI: "Finland"
    EU-FR: "France"
    EU-GB: "United Kingdom"
    EU-GR: "Greece"
    EU-HR: "Croatia"
    EU-HU: "Hungary"
    EU-IE: "Ireland"
    EU-IS: "Iceland"
    EU-IT: "Italy"
    EU-LI: "Liechtenstein"
    EU-LT: "Lithuania"
    EU-LU: "Luxembourg"
    EU-LV: "Latvia"
    EU-MD: "Moldova"
    EU-MT: "Malta"
    EU-NL: "Netherlands"
    EU-NO: "Norway"
    EU-PL: "Poland"
    EU-PT: "Portugal"
    EU-RO: "Romania"
    EU-RS: "Serbia"
    EU-RU: "Russian Federation"
    EU-SE: "Sweden"
    EU-SI: "Slovenia"
    EU-SK: "Slovakia"
    EU-SM: "San Marino"
    EU-UA: "Ukraine"
    FR-A: "Alsace"
    FR-B: "Aquitaine"
    FR-C: "Auvergne"
    FR-D: "Bourgogne"
    FR-E: "Bretagne"
    FR-F: "Centre-Val de Loire"
    FR-G: "Champagne-Ardenne"
    FR-H: "Corse"
    FR-I: "Franche-Comté"
    FR-J: "Île-de-France"
    FR-K: "Languedoc-Roussillon"
    FR-L: "Limousin"
    FR-M: "Lorraine"
    FR-N: "Midi-Pyrénées"
    FR-O: "Nord-Pas-de-Calais"
    FR-P: "Basse-Normandie"
    FR-Q: "Haute-Normandie"
    FR-R: "Pays de la Loire"
    FR-S: "Picardie"
    FR-T: "Poitou-Charentes"
    FR-V: "Rhône-Alpes"
    IT-AG: "Agrigento"
    IT-AL: "Alessandria"
    IT-AN: "Ancona"
    IT-AO: "Aosta"
    IT-AP: "Ascoli Piceno"
    IT-AQ: "L'Aquila"
    IT-AR: "Arezzo"
    IT-AT: "Asti"
    IT-AV: "Avellino"
    IT-BA: "Bari"
    IT-BG: "Bergamo"
    IT-BI: "Biella"
    IT-BL: "Belluno"
    IT-BN: "Benevento"
    IT-BO: "Bologna"
    IT-BR: "Brindisi"
    IT-BS: "Brescia"
    IT-BZ: "South Tyrol"
    IT-CA: "Cagliari"
    IT-CB: "Campobasso"
    IT-CE: "Caserta"
    IT-CH: "Chieti"
    IT-CL: "Caltanissetta"
    IT-CN: "Cuneo"
    IT-CO: "Como"
    IT-CR: "Cremona"
    IT-CS: "Cosenza"
    IT-CT: "Catania"
    IT-CZ: "Catanzaro"
    IT-EN: "Enna"
    IT-FC: "Forlì-Cesena"
    IT-FE: "Ferrara"
    IT-FG: "Foggia"
    IT-FI: "Florence"
    IT-FR: "Frosinone"
    IT-GE: "Genoa"
    IT-GO: "Gorizia"
    IT-GR: "Grosseto"
    IT-IM: "Imperia"
    IT-IS: "Isernia"
    IT-KR: "Crotone"
    IT-LC: "Lecco"
    IT-LE: "Lecce"
    IT-LI: "Livorno"
    IT-LO: "Lodi"
    IT-LT: "Latina"
    IT-LU: "Lucca"
    IT-MC: "Macerata"
    IT-ME: "Messina"
    IT-MI: "Milan"
    IT-MN: "Mantua"
    IT-MO: "Modena"
    IT-MS: "Massa-Carrara"
    IT-MT: "Matera"
    IT-NA: "Naples"
    IT-NO: "Novara"
    IT-NU: "Nuoro"
    IT-OR: "Oristano"
    IT-PA: "Palermo"
    IT-PC: "Piacenza"
    IT-PD: "Padua"
    IT-PE: "Pescara"
    IT-PG: "Perugia"
    IT-PI: "Pisa"
    IT-PN: "Pordenone"
    IT-PO: "Prato"
    IT-PR: "Parma"
    IT-PT: "Pistoia"
    IT-PU: "Pesaro and Urbino"
    IT-PV: "Pavia"
    IT-PZ: "Potenza"
    IT-RA: "Ravenna"
    IT-RC: "Reggio Calabria"
    IT-RE: "Reggio Emilia"
    IT-RG: "Ragusa"
    IT-RI: "Rieti"
    IT-RM: "Rome"
    IT-RN: "Rimini"
    IT-RO: "Rovigo"
    IT-SA: "Salerno"
    IT-SI: "Siena"
    IT-SO: "Sondrio"
    IT-SP: "La Spezia"
    IT-SR: "Syracuse"
    IT-SS: "Sassari"
    IT-SV: "Savona"
    IT-TA: "Taranto"
    IT-TE: "Teramo"
    IT-TN: "Trento"
    IT-TO: "Turin"
    IT-TP: "Trapani"
    IT-TR: "Terni"
    IT-TS: "Trieste"
    IT-TV: "Treviso"
    IT-UD: "Udine"
    IT-VA: "Varese"
    IT-VB: "Verbano-Cusio-Ossola"
    IT-VC: "Vercelli"
    IT-VE: "Venice"
    IT-VI: "Vicenza"
    IT-VR: "Verona"
    IT-VT: "Viterbo"
    IT-VV: "Vibo Valentia"
    JP-01: "Hokkaido"
    JP-02: "Aomori"
    JP-03: "Iwate"
    JP-04: "Miyagi"
    JP-05: "Akita"
    JP-06: "Yamagata"
    JP-07: "Fukushima"
    JP-08: "Ibaraki"
    JP-09: "Tochigi"
    JP-10: "Gunma"
    JP-11: "Saitama"
    JP-12: "Chiba"
    JP-13: "Tokyo"
    JP-14: "Kanagawa"
    JP-15: "Niigata"
    JP-16: "Toyama"
    JP-17: "Ishikawa"
    JP-18: "Fukui"
    JP-19: "Yamanashi"
    JP-20: "Nagano"
    JP-21: "Gifu"
    JP-22: "Shizuoka"
    JP-23: "Aichi"
    JP-24: "Mie"
    JP-25: "Shiga"
    JP-26: "Kyoto"
    JP-27: "Osaka"
    JP-28: "Hyogo"
    JP-29: "Nara"
    JP-31: "Tottori"
    JP-32: "Shimane"
    JP-33: "Okayama"
    JP-34: "Hiroshima"
    JP-35: "Yamaguchi"
    JP-36: "Tokushima"
    JP-37: "Kagawa"
    JP-38: "Ehime"
    JP-39: "Kochi"
    JP-40: "Fukuoka"
    JP-41: "Saga"
    JP-42: "Nagasaki"
    JP-43: "Kumamoto"
    JP-44: "Oita"
    JP-45: "Miyazaki"
    JP-46: "Kagoshima"
    JP-47: "Okinawa"
    LI-01: "Balzers"
    LI-02: "Eschen"
    LI-03: "Gamprin"
    LI-04: "Mauren"
    LI-05: "Planken"
    LI-06: "Ruggell"
    LI-07: "Schaan"
    LI-08: "Schellenberg"
    LI-09: "Triesen"
    LI-10: "Triesenberg"
    LI-11: "Vaduz"
    LU-CA: "Capellen"
    LU-CL: "Clervaux"
    LU-DI: "Diekirch"
    LU-EC: "Echternach"
    LU-ES: "Esch-sur-Alzette"
    LU-GR: "Grevenmacher"
    LU-LU: "Luxembourg"
    LU-ME: "Mersch"
    LU-RD: "Redange"
    LU-RM: "Remich"
    LU-VD: "Vianden"
    LU-WI: "Wiltz"
    NZ-AUK: "Auckland"
    NZ-BOP: "Bay of Plenty"
    NZ-CAN: "Canterbury"
    NZ-CIT: "Chatham Islands Territory"
    NZ-GIS: "Gisborne"
    NZ-HKB: "Hawke's Bay"
    NZ-MBH: "Marlborough"
    NZ-MWT: "Manawatu-Wanganui"
    NZ-NSN: "Nelson"
    NZ-NTL: "Northland"
    NZ-OTA: "Otago"
    NZ-STL: "Southland"
    NZ-TAS: "Tasman"
    NZ-TKI: "Taranaki"
    NZ-WGN: "Wellington"
    NZ-WKO: "Waikato"
    NZ-WTC: "West Coast"
    SM-01: "Acquaviva"
    SM-02: "Chiesanuova"
    SM-03: "Domagnano"
    SM-04: "Faetano"
    SM-05: "Fiorentino"
    SM-06: "Borgo Maggiore"
    SM-07: "Città di San Marino"
    SM-08: "Montegiardino"
    SM-09: "Serravalle"
    US-AK: "Alaska"
    US-AL: "Alabama"
    US-AR: "Arkansas"
    US-AZ: "Arizona"
    US-CA: "California"
    US-CO: "Colorado"
    US-CT: "Connecticut"
    US-DE: "Delaware"
    US-FL: "Florida"
    US-GA: "Georgia"
    US-HI: "Hawaii"
    US-IA: "Iowa"
    US-ID: "Idaho"
    US-IL: "Illinois"
    US-IN: "Indiana"
    US-KS: "Kansas"
    US-KY: "Kentucky"
    US-LA: "Louisiana"
    US-MA: "Massachusetts"
    US-MD: "Maryland"
    US-ME: "Maine"
    US-MI: "Michigan"
    US-MN: "Minnesota"
    US-MO: "Missouri"
    US-MS: "Mississippi"
    US-MT: "Montana"
    US-NC: "North Carolina"
    US-ND: "North Dakota"
    US-NE: "Nebraska"
    US-NH: "New Hampshire"
    US-NJ: "New Jersey"
    US-NM: "New Mexico"
    US-NV: "Nevada"
    US-NY: "New York"
    US-OH: "Ohio"
    US-OK: "Oklahoma"
    US-OR: "Oregon"
    US-PA: "Pennsylvania"
    US-RI: "Rhode Island"
    US-SC: "South Carolina"
    US-SD: "South Dakota"
    US-TN: "Tennessee"
    US-TX: "Texas"
    US-UT: "Utah"
    US-VA: "Virginia"
    US-VT: "Vermont"
    US-WA: "Washington"
    US-WI: "Wisconsin"
    US-WV: "West Virginia"
    US-WY: "Wyoming"
